Area_Type,Household_Size,Rooms,AC_Units,Fan_Count,Light_Count,Refrigerator,TV_Count,Washing_Machine,Other_Appliances,Temperature_C,Tariff_Category,Electricity_Bill_BDT
Urban,7,5,3,10,10,1,1,0,0,27.1,Residential,4699.87
Semi-Urban,4,2,0,7,4,1,4,1,2,28.6,Residential,2090.13
Urban,6,5,1,8,10,1,3,0,2,29.0,Residential,3020.85
Urban,5,4,0,6,10,0,1,1,5,27.3,Residential,1907.55
Semi-Urban,4,3,1,5,9,1,0,0,4,29.4,Residential,2778.55
Urban,4,2,2,7,4,1,1,0,2,29.5,Residential,2778.55
Semi-Urban,8,6,2,10,14,1,0,0,4,27.9,Residential,4453.53
Urban,4,4,0,7,9,1,1,0,6,27.0,Residential,1821.15
Urban,4,3,0,7,9,0,1,0,6,28.2,Residential,2046.67
Urban,4,4,0,5,10,1,0,0,2,29.4,Residential,1583.73
Semi-Urban,7,7,2,9,17,1,0,0,1,27.9,Residential,4020.03
Rural,4,3,0,7,7,1,1,1,2,27.3,Residential-Lifeline,1948.34
Semi-Urban,7,6,2,8,14,1,2,1,2,28.7,Residential,4535.57
Urban,3,1,0,6,5,1,1,0,4,28.9,Residential,1771.14
Semi-Urban,8,7,2,10,16,1,1,1,2,28.3,Residential-Lifeline,4593.09
Urban,5,4,0,6,8,1,3,1,3,28.3,Residential,2608.71
Urban,5,3,0,6,9,0,1,1,3,28.4,Residential,1624.85
Rural,2,1,0,4,4,1,2,0,4,28.5,Residential,1445.26
Urban,6,6,3,9,12,1,0,1,2,28.6,Residential,5105.71
Urban,7,6,1,9,13,1,1,0,2,27.2,Residential-Lifeline,3107.78
Urban,2,1,0,3,5,1,1,0,2,29.0,Residential,1061.65
Urban,6,6,1,7,15,1,3,0,1,32.0,Residential,3935.4
Urban,6,4,1,9,9,1,2,0,4,29.4,Residential-Lifeline,2925.91
Semi-Urban,2,1,2,4,3,1,1,0,1,29.8,Residential,2365.63
Urban,4,4,0,6,9,1,0,0,4,30.1,Residential,2125.91
Rural,5,5,0,8,13,1,1,1,7,26.7,Residential,2631.92
Semi-Urban,2,2,0,5,6,1,1,0,4,30.7,Residential,1285.8
Urban,3,1,0,5,3,1,1,0,2,28.6,Residential,1378.7
Urban,5,5,0,6,10,1,2,0,2,30.9,Residential,2237.89
Urban,5,4,0,6,8,0,1,0,6,27.1,Residential-Lifeline,1937.47
Semi-Urban,6,5,1,9,11,1,0,1,1,28.3,Residential,2891.17
Urban,6,5,1,8,11,1,1,1,2,27.5,Residential,3035.94
Semi-Urban,2,2,0,4,6,1,0,0,3,26.1,Residential,1213.33
Urban,5,5,1,7,12,0,1,0,2,29.7,Residential,2618.7
Semi-Urban,4,2,1,5,4,1,1,1,6,25.4,Residential,2462.15
Urban,4,2,0,5,6,1,2,0,3,28.1,Residential-Lifeline,1792.47
Urban,7,6,1,9,13,1,2,1,3,27.1,Residential,3034.81
Rural,4,4,0,6,10,1,1,0,4,32.7,Residential,2267.64
Semi-Urban,4,4,1,7,9,1,2,0,0,26.3,Residential,2710.75
Urban,3,2,2,6,6,1,0,0,3,29.0,Residential,3206.05
Rural,7,7,2,9,17,1,0,0,4,29.0,Residential,4531.53
Urban,5,3,0,7,7,1,0,0,8,29.8,Residential,2395.33
Rural,4,3,1,5,9,1,0,1,3,30.1,Residential,2372.33
Semi-Urban,5,5,0,7,11,1,0,1,1,26.6,Residential,2086.82
Urban,6,4,1,9,10,1,3,1,4,29.8,Residential,3470.0
Urban,7,5,2,8,13,1,1,1,1,30.7,Residential,4435.04
Urban,8,7,1,10,16,1,4,0,3,29.3,Residential-Lifeline,4320.02
Urban,5,4,1,8,9,1,0,1,1,29.3,Residential-Lifeline,3005.54
Semi-Urban,5,5,0,6,13,1,1,0,6,28.1,Residential,2445.11
Urban,7,6,1,10,12,1,1,1,3,26.8,Residential-Lifeline,3163.09
Urban,4,4,0,6,10,1,0,0,3,30.6,Residential,1892.09
Semi-Urban,5,4,0,8,9,1,0,1,5,30.2,Residential,2364.5
Rural,7,5,2,8,13,1,0,1,6,27.4,Residential,4914.82
Urban,7,6,1,8,14,1,0,0,1,28.3,Residential,2444.64
Urban,4,4,0,5,11,1,0,0,3,28.8,Residential,1800.79
Urban,3,2,2,6,6,1,0,0,2,28.5,Residential,2857.41
Urban,9,7,1,10,16,1,0,0,3,28.6,Residential,3984.31
Rural,5,3,2,6,8,0,0,1,3,29.7,Residential,2795.63
Urban,5,4,0,7,11,1,2,1,3,28.0,Residential,2072.16
Semi-Urban,5,5,1,6,13,1,3,0,1,26.9,Residential,3047.1
Urban,2,2,1,4,6,0,2,0,1,28.6,Residential-Lifeline,2129.24
Semi-Urban,9,7,2,10,14,1,3,1,1,28.4,Residential,5147.69
Semi-Urban,7,7,1,9,14,1,1,0,4,26.4,Residential,3116.37
Semi-Urban,2,1,1,3,3,1,1,0,1,26.9,Residential,1930.93
Urban,9,7,2,10,15,1,1,1,2,28.1,Residential,5354.43
Urban,7,7,1,10,14,1,2,1,1,29.5,Residential,3443.65
Urban,4,3,0,7,9,1,1,0,3,29.2,Residential,1876.04
Rural,2,1,1,4,3,1,1,0,1,30.5,Residential,1862.01
Rural,5,3,0,6,9,1,1,1,2,30.1,Residential,2323.3
Semi-Urban,6,6,1,8,13,1,2,1,2,30.2,Residential,3762.57
Semi-Urban,3,2,1,4,7,1,1,1,4,28.1,Residential,2365.1
Semi-Urban,3,3,0,5,9,1,0,0,3,26.7,Residential-Lifeline,1555.52
Urban,5,4,0,6,11,1,0,1,1,27.7,Residential,1988.38
Rural,4,3,1,5,6,1,2,1,4,27.7,Residential,2532.96
Urban,8,6,4,9,14,1,0,1,2,29.9,Residential-Lifeline,7657.48
Urban,8,6,3,10,15,1,0,1,3,28.2,Residential,5898.13
Urban,4,3,0,7,6,1,1,0,4,29.7,Residential,2043.25
Urban,8,7,1,10,14,1,0,1,2,28.0,Residential,3397.14
Urban,2,1,0,4,3,1,1,0,3,29.7,Residential,1125.0
Semi-Urban,3,2,1,4,6,1,2,0,4,26.4,Residential,2491.62
Urban,4,4,0,5,10,1,2,1,2,29.6,Residential,2224.7
Semi-Urban,4,4,0,7,10,1,2,1,2,30.5,Residential,2644.5
Urban,3,2,0,6,6,1,0,1,3,28.7,Residential,1762.89
Urban,2,2,2,3,5,1,2,0,8,28.2,Residential,3467.75
Urban,2,2,0,5,6,1,2,0,5,25.8,Residential,1706.78
Urban,4,4,0,7,10,1,2,1,2,26.8,Residential-Lifeline,1833.55
Semi-Urban,5,4,1,6,10,1,0,0,3,27.7,Residential,2605.6
Urban,4,4,1,6,11,1,0,1,2,31.3,Residential,3030.13
Semi-Urban,6,6,2,9,15,1,4,0,0,26.7,Residential,3779.94
Urban,7,7,2,8,16,1,2,1,3,30.1,Residential,4710.8
Semi-Urban,4,3,1,7,7,1,1,0,2,29.1,Residential,2236.46
Rural,3,1,2,6,5,0,4,1,4,25.3,Residential,3113.59
Semi-Urban,4,3,0,5,6,1,1,1,1,25.5,Residential,1706.04
Urban,4,3,1,7,9,1,3,0,3,28.0,Residential-Lifeline,2570.11
Urban,4,2,0,7,4,1,3,1,3,27.0,Residential,2302.16
Urban,7,7,1,10,17,1,0,1,2,27.8,Residential,3549.78
Semi-Urban,8,7,2,10,16,1,0,1,2,25.8,Residential,4209.0
Urban,3,3,0,5,9,1,3,1,4,27.4,Residential,1901.94
Urban,5,5,0,8,12,1,1,0,3,29.8,Residential,2302.76
Semi-Urban,4,3,0,5,8,1,3,0,4,29.0,Residential,2078.65
Urban,7,5,4,10,13,1,2,0,2,28.8,Residential,6238.08
Semi-Urban,9,7,2,10,14,1,0,0,2,27.8,Residential,5160.53
Urban,6,5,1,8,10,0,0,0,2,30.9,Residential,2588.42
Urban,5,3,3,7,9,1,0,1,6,29.5,Residential-Lifeline,4843.72
Semi-Urban,2,2,0,4,6,1,1,0,0,27.3,Residential,1490.15
Urban,3,3,0,6,6,1,0,0,2,28.2,Residential,1689.62
Semi-Urban,6,5,2,9,11,1,0,0,4,25.8,Residential,3748.89
Urban,6,5,1,7,12,1,1,1,1,28.7,Residential,3257.57
Urban,4,4,2,7,11,1,1,1,3,29.2,Residential,2954.3
Semi-Urban,2,1,2,5,4,1,0,0,4,25.4,Residential,2633.11
Semi-Urban,2,1,0,4,3,1,1,1,2,28.5,Residential,1433.66
Semi-Urban,5,4,0,7,9,1,0,0,2,26.3,Residential,1962.16
Urban,9,7,1,10,14,1,0,1,3,31.5,Residential,4413.44
Semi-Urban,4,4,0,6,9,1,2,1,5,26.3,Residential,2328.64
Urban,7,7,1,9,16,1,0,0,4,29.1,Residential,4540.79
Urban,2,1,0,3,3,1,2,1,2,27.0,Residential,1529.77
Rural,5,5,0,6,11,1,3,1,1,29.7,Residential,1977.67
Urban,5,3,1,6,6,0,1,0,4,26.4,Residential,2724.59
Rural,7,6,2,9,12,1,2,1,7,29.8,Residential,5409.08
Urban,2,2,0,4,7,1,4,0,8,29.3,Residential,2213.7
Urban,8,7,3,10,14,1,2,0,4,29.4,Residential,6007.89
Urban,3,2,1,4,4,1,0,0,4,30.0,Residential,1958.02
Rural,6,6,2,8,13,1,1,0,2,27.0,Residential,4076.79
Semi-Urban,7,6,2,8,14,1,1,0,3,27.9,Residential-Lifeline,4007.54
Semi-Urban,8,6,2,10,14,1,0,1,3,26.9,Residential,4085.87
Semi-Urban,6,5,3,9,11,1,1,0,2,27.7,Residential,4198.5
Semi-Urban,5,5,1,6,12,1,2,0,5,30.4,Residential,3673.95
Semi-Urban,6,5,2,9,10,1,0,0,4,29.1,Residential,3902.91
Urban,6,5,3,7,13,1,1,1,2,29.4,Residential-Lifeline,4696.76
Urban,4,4,0,6,8,0,2,1,5,28.0,Residential,2139.97
Urban,2,2,0,4,4,1,1,1,2,26.8,Residential,1431.38
Rural,5,3,1,8,9,1,0,1,3,30.4,Residential,3044.16
Rural,9,7,2,10,15,1,0,1,4,26.7,Residential,5274.02
Urban,4,3,0,5,6,1,3,1,1,28.6,Residential,2052.36
Semi-Urban,3,2,1,5,4,1,0,1,6,29.2,Residential,2129.19
Rural,5,4,0,7,9,1,3,0,3,26.9,Residential,1851.32
Urban,4,4,1,5,8,1,0,0,1,28.5,Residential-Lifeline,2219.19
Semi-Urban,4,3,0,7,6,1,4,1,1,28.2,Residential-Lifeline,2253.16
Rural,3,2,1,6,6,1,3,0,2,25.9,Residential,2571.98
Urban,6,5,3,8,11,1,0,0,2,27.5,Residential,4340.38
Semi-Urban,6,5,1,7,10,1,1,1,2,26.1,Residential-Lifeline,3224.3
Urban,5,4,1,8,8,1,1,1,6,30.5,Residential,3145.03
Rural,4,2,0,7,7,1,0,0,0,27.3,Residential,1522.82
Rural,8,7,2,10,17,1,1,1,4,25.7,Residential-Lifeline,5069.87
Rural,5,4,1,6,11,0,1,1,4,26.9,Residential,2598.38
Urban,4,2,0,7,4,1,1,1,5,28.3,Residential-Lifeline,1903.65
Rural,2,1,0,4,3,1,3,1,4,30.5,Residential,1817.47
Semi-Urban,3,3,3,5,9,1,0,1,3,29.3,Residential,3844.65
Urban,4,4,0,6,10,1,0,0,3,29.4,Residential,1723.57
Semi-Urban,4,3,0,6,8,1,0,0,4,30.5,Residential,1874.62
Urban,6,5,1,9,12,1,1,0,3,26.9,Residential,2846.99
Semi-Urban,5,4,1,6,10,1,1,1,5,29.5,Residential,2813.2
Urban,6,5,1,8,11,1,0,1,2,30.4,Residential,3058.86
Urban,8,7,2,10,17,1,0,1,5,27.3,Residential,5029.9
Urban,4,3,1,7,6,1,2,0,1,29.4,Residential,2252.81
Semi-Urban,6,6,1,8,15,1,0,1,1,27.2,Residential,3601.28
Urban,3,2,0,5,6,1,1,0,3,29.2,Residential,1775.34
Semi-Urban,7,6,1,8,12,1,1,0,3,27.0,Residential,2986.83
Urban,6,5,2,8,11,1,1,0,3,29.8,Residential,4379.67
Urban,7,6,1,10,15,1,1,0,3,30.9,Residential,4133.13
Urban,4,3,2,5,6,1,1,1,1,28.2,Residential,2945.13
Semi-Urban,3,2,0,6,4,1,0,0,4,28.2,Residential-Lifeline,1459.1
Urban,2,2,1,3,6,1,3,0,7,27.8,Residential,2811.33
Semi-Urban,3,3,0,4,8,0,4,1,2,27.1,Residential,1583.25
Rural,4,3,0,6,9,1,2,0,1,31.4,Residential,2045.36
Semi-Urban,3,1,0,5,3,1,1,0,4,29.2,Residential,1490.0
Urban,8,7,1,10,14,1,1,0,5,29.1,Residential,4869.83
Urban,3,2,0,6,6,1,0,0,1,27.8,Residential,1307.27
Rural,5,5,0,7,13,0,1,0,3,26.3,Residential,2140.88
Urban,5,4,1,7,10,1,3,0,4,27.7,Residential-Lifeline,2875.49
Rural,2,1,2,3,5,1,2,1,1,26.5,Residential-Lifeline,2397.82
Urban,5,5,2,7,12,1,1,0,7,28.4,Residential,4675.26
Rural,7,7,3,9,15,1,1,0,2,26.1,Residential,5256.13
Semi-Urban,5,3,1,7,6,1,2,1,4,30.7,Residential,2464.83
Rural,8,7,1,10,16,1,0,0,1,27.7,Residential,3544.97
Urban,3,3,0,4,6,1,2,1,2,28.7,Residential,1774.57
Semi-Urban,5,5,1,7,13,1,1,0,4,28.8,Residential,3627.56
Urban,6,4,2,7,9,1,2,0,4,28.3,Residential,4494.18
Urban,6,5,1,9,10,1,0,1,3,28.9,Residential,3280.72
Semi-Urban,2,1,1,4,4,1,3,0,5,28.2,Residential-Lifeline,2265.84
Rural,6,4,1,8,8,1,0,0,1,29.1,Residential-Lifeline,2951.85
Rural,4,4,0,6,8,1,1,1,5,28.8,Residential,2250.01
Semi-Urban,5,4,2,6,11,1,2,0,3,28.7,Residential,3243.78
Urban,3,3,0,5,7,1,2,1,1,27.0,Residential,1722.07
Urban,6,6,3,8,13,1,3,1,8,27.9,Residential,7004.54
Semi-Urban,9,7,1,10,14,1,2,0,2,28.0,Residential-Lifeline,4335.94
Urban,5,4,1,6,8,1,2,1,1,28.1,Residential,2897.67
Urban,9,7,1,10,17,1,1,0,4,29.0,Residential,4139.46
Urban,4,3,1,7,6,1,1,1,2,30.0,Residential,2308.75
Urban,4,3,1,5,9,1,3,1,5,31.8,Residential-Lifeline,2956.78
Urban,2,2,1,4,5,1,1,1,2,28.8,Residential,2101.99
Urban,5,5,0,7,11,0,2,0,2,30.0,Residential,1812.54
Urban,5,5,0,8,13,1,0,1,0,27.4,Residential-Lifeline,2092.2
Urban,2,2,2,3,4,1,0,0,4,30.7,Residential,2353.28
Rural,4,3,1,5,7,1,0,0,1,29.7,Residential,2444.77
Urban,5,5,1,6,12,1,0,1,3,27.7,Residential,3335.95
Urban,8,7,2,10,17,1,2,0,4,25.8,Residential-Lifeline,5674.1
Semi-Urban,5,4,0,7,9,1,1,1,6,27.4,Residential,2607.94
Urban,4,2,2,7,5,1,0,0,4,27.8,Residential,3085.86
Rural,2,2,0,4,5,1,0,1,6,26.7,Residential,1693.05
Semi-Urban,6,6,2,9,14,1,2,0,4,27.4,Residential,4155.18
Urban,8,7,1,10,16,1,0,0,5,29.2,Residential,3917.77
Urban,5,4,1,6,10,1,3,0,2,31.0,Residential,3474.93
Rural,5,4,0,6,8,1,0,1,4,28.0,Residential,2079.96
Rural,2,1,1,3,5,1,2,0,4,27.8,Residential,1856.64
Urban,9,7,1,10,14,1,2,1,1,29.4,Residential-Lifeline,3911.11
Semi-Urban,5,4,1,8,10,1,1,0,2,25.3,Residential,2397.63
Urban,2,1,0,5,5,1,0,0,4,30.0,Residential,1273.02
Rural,2,1,2,3,3,0,1,0,2,27.6,Residential,2452.74
Urban,3,3,1,5,6,1,2,0,5,29.0,Residential,2692.76
Rural,5,3,0,6,6,1,2,1,1,28.1,Residential,1935.62
Semi-Urban,2,1,2,3,4,1,1,1,6,30.2,Residential,2737.13
Semi-Urban,8,7,1,10,15,0,1,0,4,26.1,Residential,3124.94
Urban,5,4,0,7,11,1,2,1,0,28.0,Residential-Lifeline,2436.9
Urban,8,7,1,10,16,1,0,1,5,25.9,Residential,3958.37
Urban,7,6,1,9,15,1,3,0,4,28.3,Residential,4460.75
Urban,6,5,1,7,12,1,0,0,5,24.3,Residential,2675.43
Urban,8,7,2,10,14,1,0,0,1,32.2,Residential,4519.72
Semi-Urban,7,6,1,8,12,1,0,0,1,30.2,Residential,3559.57
Urban,9,7,3,10,15,1,0,0,2,28.5,Residential,5144.66
Urban,5,4,0,8,9,1,1,0,0,27.5,Residential-Lifeline,2070.05
Rural,3,2,1,6,7,1,1,1,2,27.4,Residential,2305.27
Rural,9,7,1,10,15,1,4,0,3,29.4,Residential,5127.94
Rural,7,6,2,8,13,1,2,0,1,25.5,Residential,4371.54
Rural,3,2,0,4,7,1,0,0,4,28.8,Residential,1754.63
Urban,6,5,1,9,12,1,0,0,3,30.3,Residential,2857.7
Urban,5,5,0,8,11,1,0,0,3,27.5,Residential,2243.43
Semi-Urban,4,2,0,7,6,1,1,1,5,29.1,Residential-Lifeline,2174.09
Semi-Urban,5,4,1,7,8,0,0,0,3,30.9,Residential,2310.55
Urban,4,3,0,6,7,1,2,1,6,29.8,Residential,2311.8
Semi-Urban,4,4,0,5,8,1,0,0,1,28.7,Residential,1605.07
Urban,7,7,2,10,14,0,0,1,0,28.7,Residential,4599.24
Urban,4,3,0,5,8,1,1,1,3,28.5,Residential,1955.9
Urban,4,2,1,7,7,1,1,0,4,31.2,Residential,2583.43
Semi-Urban,4,3,0,5,7,1,1,1,0,28.5,Residential,1758.16
Semi-Urban,6,4,1,8,10,1,1,0,1,27.0,Residential,2541.04
Urban,4,3,0,7,9,1,3,1,1,28.5,Residential,2031.35
Rural,5,4,0,7,8,1,2,0,1,27.2,Residential,1978.27
Urban,4,4,1,7,9,0,3,1,4,28.1,Residential,3090.12
Urban,4,3,1,5,6,1,1,1,1,28.2,Residential,2283.96
Rural,7,7,1,10,14,1,0,1,5,30.1,Residential,4055.17
Rural,5,3,0,7,7,1,0,0,3,30.4,Residential,2150.46
Rural,8,6,2,10,15,1,2,0,3,29.3,Residential,5361.99
Semi-Urban,2,1,1,3,5,1,0,1,4,29.0,Residential,1737.74
Semi-Urban,7,6,1,10,13,1,3,1,2,27.6,Residential,2942.76
Semi-Urban,4,3,0,6,7,1,1,1,3,26.2,Residential,2038.8
Urban,5,4,0,6,10,1,0,0,2,29.1,Residential,1951.28
Urban,4,4,0,6,10,1,2,1,3,28.5,Residential,2414.33
Urban,6,5,1,9,10,1,2,0,3,28.9,Residential,3191.05
Urban,4,4,1,6,9,1,0,0,1,27.3,Residential,2105.7
Semi-Urban,3,2,1,6,7,1,1,0,6,28.6,Residential,2846.9
Urban,2,2,1,3,4,1,1,0,1,26.9,Residential,1860.87
Urban,5,5,0,7,10,0,1,1,3,31.7,Residential,1721.66
Urban,9,7,1,10,14,1,0,0,2,30.6,Residential-Lifeline,3977.41
Semi-Urban,3,2,2,6,4,1,2,1,1,30.2,Residential-Lifeline,2769.66
Urban,7,6,1,9,15,1,0,1,3,30.5,Residential,3412.06
Rural,6,6,2,8,12,1,4,0,8,26.8,Residential,4589.86
Urban,4,3,1,5,7,0,1,0,1,27.9,Residential,2001.93
Urban,4,4,0,7,10,1,1,1,3,29.0,Residential,2192.74
Semi-Urban,3,2,1,6,7,1,1,0,3,29.3,Residential,2289.47
Semi-Urban,5,4,0,6,9,1,0,1,4,29.1,Residential,2214.4
Urban,4,3,0,5,7,1,0,1,0,30.1,Residential,1942.46
Semi-Urban,2,1,1,5,3,1,2,0,1,32.0,Residential,2335.66
Semi-Urban,6,6,1,7,14,1,1,0,4,27.9,Residential,3620.76
Urban,5,4,1,6,10,1,1,0,5,29.7,Residential,2969.08
Rural,8,7,3,9,16,0,2,1,4,26.9,Residential,6048.33
Semi-Urban,5,4,1,8,9,1,0,0,0,30.0,Residential,2526.49
Semi-Urban,8,7,1,9,16,1,4,0,1,30.2,Residential,4391.86
Rural,5,5,0,7,10,1,1,0,0,28.0,Residential-Lifeline,2082.18
Rural,4,3,0,6,8,1,0,1,2,31.7,Residential,2494.41
Semi-Urban,2,1,1,5,5,1,2,0,3,27.9,Residential,1929.0
Semi-Urban,5,5,2,6,11,1,0,0,2,28.9,Residential,3702.86
Semi-Urban,2,2,2,4,5,1,0,1,4,29.3,Residential-Lifeline,3176.71
Semi-Urban,4,4,1,7,8,1,0,1,2,30.1,Residential,2690.08
Semi-Urban,4,2,1,6,6,1,0,1,1,27.7,Residential,2240.94
Semi-Urban,3,2,2,4,6,1,4,1,2,30.2,Residential,2998.44
Urban,6,6,1,9,15,1,2,1,1,28.6,Residential,3653.29
Rural,6,5,1,8,10,1,1,1,2,27.5,Residential,3458.36
Rural,6,5,2,9,13,1,3,1,4,27.9,Residential,4349.36
Urban,4,3,1,6,9,1,0,1,4,27.9,Residential,2615.81
Semi-Urban,5,5,1,7,11,0,1,1,5,29.7,Residential,3130.6
Urban,2,2,1,3,5,0,0,0,3,27.5,Residential,1603.68
Urban,4,2,0,5,6,1,1,0,1,29.1,Residential,1635.68
Semi-Urban,4,4,0,6,10,1,0,1,2,28.9,Residential,2121.51
Urban,9,7,1,10,17,1,1,0,1,29.0,Residential,4374.83
Semi-Urban,5,3,1,8,8,1,2,1,2,27.1,Residential,2638.49
Semi-Urban,5,4,1,6,11,1,1,0,4,26.7,Residential,2866.12
Urban,5,5,0,7,12,1,2,1,2,28.5,Residential,2292.5
Urban,3,3,0,4,8,0,2,0,4,30.6,Residential,1350.58
Urban,6,6,1,8,13,1,1,1,2,28.8,Residential,3699.06
Semi-Urban,3,3,0,5,7,1,2,1,4,31.9,Residential-Lifeline,1931.75
Rural,6,4,3,7,9,1,0,0,4,28.7,Residential,5711.26
Semi-Urban,4,3,2,7,7,1,0,0,3,28.8,Residential,2989.73
Urban,5,4,0,6,8,1,1,0,2,31.5,Residential,2471.64
Semi-Urban,7,5,1,9,11,1,2,0,6,28.5,Residential-Lifeline,3215.29
Urban,4,3,1,5,6,1,2,0,5,29.8,Residential-Lifeline,3217.62
Semi-Urban,9,7,2,10,15,1,0,0,4,29.3,Residential,5522.58
Urban,5,4,0,8,10,1,2,1,5,27.8,Residential,2818.69
Semi-Urban,5,3,2,7,9,1,1,0,4,29.2,Residential,3280.7
Urban,2,1,1,3,4,1,1,1,0,27.1,Residential,1809.94
Rural,8,7,3,10,16,1,2,0,1,29.5,Residential,4898.12
Urban,5,4,1,6,8,1,2,1,3,26.3,Residential,2727.03
Semi-Urban,5,4,0,8,9,1,1,0,2,28.8,Residential,2112.25
Rural,5,3,0,7,9,1,1,1,3,28.1,Residential,2000.69
Urban,4,4,0,6,11,1,1,1,7,29.0,Residential-Lifeline,2652.33
Rural,2,1,0,3,3,1,0,1,5,27.4,Residential,1736.37
Semi-Urban,4,2,0,6,4,1,3,0,4,27.6,Residential,1736.01
Urban,9,7,2,10,14,1,1,1,5,29.9,Residential,5720.05
Urban,3,2,0,5,4,1,2,0,2,27.7,Residential,1446.9
Semi-Urban,8,7,1,10,17,1,1,0,4,28.7,Residential,3927.25
Urban,3,3,1,6,6,1,4,0,8,29.2,Residential,3297.43
Semi-Urban,6,6,1,8,12,1,0,0,2,28.4,Residential,2992.75
Urban,2,1,3,5,5,1,0,0,1,27.5,Residential,2841.01
Semi-Urban,4,4,0,7,11,1,2,1,1,27.0,Residential,2098.58
Urban,9,7,2,10,16,1,1,0,1,28.1,Residential,4697.41
Rural,7,6,1,8,15,1,1,0,1,30.4,Residential-Lifeline,3384.75
Rural,9,7,1,10,15,1,2,0,1,29.6,Residential,3760.89
Rural,6,5,2,8,13,1,1,1,5,28.3,Residential-Lifeline,4679.33
Semi-Urban,6,5,3,7,13,1,0,1,1,27.4,Residential,5185.66
Urban,6,4,2,9,8,1,2,0,2,30.9,Residential,3817.54
Semi-Urban,3,2,1,5,6,1,1,1,3,29.0,Residential,2698.75
Urban,9,7,2,10,14,1,0,0,6,28.8,Residential,4704.32
Urban,6,6,2,8,14,1,2,0,5,29.8,Residential,5223.25
Urban,2,1,0,4,3,1,2,0,3,28.3,Residential,1412.61
Urban,5,5,2,8,11,1,1,1,1,28.8,Residential,3813.16
Semi-Urban,6,5,1,9,10,1,1,1,4,28.5,Residential,4058.09
Semi-Urban,4,4,0,5,8,1,1,0,2,28.6,Residential,1964.05
Urban,6,4,4,8,9,1,0,0,6,30.2,Residential,7216.81
Urban,4,3,0,5,7,0,1,0,3,29.5,Residential,1904.55
Rural,5,4,2,8,11,0,1,1,4,24.7,Residential,3526.32
Urban,4,4,1,6,8,1,0,1,5,26.8,Residential-Lifeline,2420.56
Urban,2,1,0,5,3,1,2,0,2,24.7,Residential,1337.04
Urban,6,5,1,7,11,1,3,0,3,29.2,Residential,2976.46
Semi-Urban,4,3,0,7,9,1,1,1,4,28.3,Residential-Lifeline,2345.25
Semi-Urban,3,3,1,5,8,1,1,1,7,27.9,Residential,2612.83
Urban,3,1,0,5,3,1,0,1,3,26.3,Residential,1416.29
Urban,5,3,1,6,7,1,3,1,2,27.9,Residential,2759.53
Semi-Urban,3,3,0,5,6,1,4,1,5,29.9,Residential,2256.15
Semi-Urban,5,4,0,8,11,1,1,0,3,26.9,Residential,2234.47
Urban,4,3,1,7,6,1,1,0,6,27.1,Residential,2693.97
Rural,3,2,0,6,6,1,2,0,4,29.5,Residential,2078.23
Urban,4,4,1,7,11,1,0,1,1,29.3,Residential,2862.02
Urban,9,7,1,10,14,1,1,0,5,30.2,Residential,4044.3
Rural,5,4,0,8,9,1,0,0,0,29.7,Residential,2167.32
Urban,6,5,1,7,11,1,0,0,5,27.6,Residential,3052.88
Semi-Urban,4,3,0,7,9,1,4,0,7,30.7,Residential,2841.78
Urban,5,4,1,6,9,0,1,1,5,28.4,Residential,2663.3
Urban,5,4,0,8,8,1,0,0,3,27.0,Residential,2251.85
Rural,4,4,0,7,11,1,0,0,5,26.7,Residential,1853.73
Urban,7,5,1,8,11,1,2,1,2,27.1,Residential,3222.9
Rural,4,3,1,6,7,1,2,0,3,26.7,Residential,2724.62
Urban,6,6,2,8,14,1,2,1,2,27.6,Residential,4694.85
Urban,4,4,2,6,10,1,1,1,4,24.0,Residential,4609.15
Urban,2,1,0,3,5,1,0,1,5,29.2,Residential,1677.54
Semi-Urban,7,5,2,9,12,1,2,1,2,24.3,Residential,4585.06
Urban,4,3,1,6,6,1,2,0,3,30.4,Residential,2589.66
Rural,3,2,1,4,5,1,2,1,2,29.7,Residential,2405.44
Urban,6,6,4,8,13,1,0,0,1,28.1,Residential,5596.97
Rural,7,6,2,9,13,1,0,0,3,29.2,Residential,4938.0
Urban,2,1,2,4,5,1,3,0,5,27.7,Residential-Lifeline,2805.03
Rural,7,6,3,8,15,1,0,0,5,28.1,Residential,4370.02
Semi-Urban,3,3,0,4,8,1,0,1,5,28.5,Residential,1798.85
Semi-Urban,3,2,0,5,5,1,3,0,3,25.0,Residential,1790.95
Semi-Urban,3,3,0,5,7,0,2,1,4,26.4,Residential-Lifeline,1615.13
Semi-Urban,4,3,0,5,7,1,1,0,2,27.5,Residential,1811.43
Semi-Urban,5,4,1,7,9,1,0,0,0,28.2,Residential,2284.02
Urban,4,3,0,5,7,1,0,1,3,28.9,Residential,1881.75
Urban,4,4,1,6,8,1,1,0,2,28.0,Residential-Lifeline,2716.18
Rural,2,1,0,3,3,1,0,1,5,28.7,Residential,1682.05
Semi-Urban,5,4,0,8,8,1,0,0,3,25.0,Residential,1948.94
Semi-Urban,8,7,1,10,15,1,3,0,2,30.5,Residential,4050.37
Urban,7,6,2,8,15,0,0,0,2,28.7,Residential,3958.67
Urban,7,6,2,10,15,1,0,1,1,26.9,Residential,3395.07
Urban,6,5,2,8,10,0,0,0,3,28.9,Residential,3367.21
Semi-Urban,4,3,0,5,7,1,2,0,7,29.8,Residential,2548.27
Urban,3,2,0,4,7,1,1,0,0,28.0,Residential,1318.56
Urban,6,6,1,8,15,1,1,1,6,30.9,Residential,4484.78
Urban,7,6,1,9,13,1,1,1,4,27.6,Residential-Lifeline,3903.16
Urban,2,1,0,3,3,1,1,1,0,28.4,Residential-Lifeline,1450.92
Semi-Urban,7,7,2,9,17,1,0,0,5,28.3,Residential,4663.5
Urban,4,3,0,5,7,1,2,1,0,27.0,Residential,1593.59
Semi-Urban,5,3,0,7,8,1,0,1,2,25.0,Residential,1942.3
Urban,5,3,1,6,7,1,1,1,1,28.6,Residential,2369.91
Urban,4,3,2,6,9,1,1,1,3,28.5,Residential,3419.43
Urban,9,7,1,10,17,1,0,1,4,28.2,Residential,4246.3
Urban,2,1,0,5,3,1,2,0,2,27.5,Residential,1298.41
Urban,6,6,2,9,14,1,1,1,3,31.0,Residential,4568.09
Urban,3,1,0,6,5,1,0,1,1,27.6,Residential,1470.96
Semi-Urban,3,3,0,5,8,0,3,0,3,26.3,Residential,1781.29
Urban,4,4,1,5,9,1,2,0,1,26.5,Residential,2241.43
Semi-Urban,8,7,1,10,17,1,0,1,3,25.5,Residential,4055.27
Rural,2,1,1,5,3,1,1,0,4,29.5,Residential,2196.25
Semi-Urban,3,2,1,5,7,0,3,1,0,27.5,Residential,2143.08
Urban,5,4,2,8,8,1,1,0,2,26.7,Residential-Lifeline,3249.93
Urban,7,7,2,10,16,1,1,0,2,30.0,Residential,4284.68
Urban,2,2,1,3,4,1,2,0,2,28.1,Residential,2146.34
Urban,5,4,1,6,9,1,2,0,2,30.0,Residential,2523.34
Rural,7,7,2,10,15,1,1,0,7,30.0,Residential,5443.79
Urban,4,3,2,7,7,1,2,0,3,27.9,Residential,3129.0
Urban,6,5,3,8,13,1,0,1,6,30.5,Residential,6343.05
Semi-Urban,4,3,0,7,7,1,1,1,3,28.7,Residential-Lifeline,2042.17
Semi-Urban,5,3,1,7,7,1,0,0,4,30.2,Residential,2412.33
Semi-Urban,7,5,1,10,13,1,1,0,3,27.5,Residential,3327.33
Urban,3,1,0,4,4,1,0,0,3,25.4,Residential,1262.06
Urban,4,4,0,5,9,1,1,0,5,29.0,Residential,2062.41
Urban,4,4,0,7,9,1,1,0,1,27.8,Residential,1608.01
Urban,5,5,0,7,13,0,2,0,4,28.3,Residential,2026.19
Urban,9,7,3,10,16,1,0,0,3,27.7,Residential,6946.72
Urban,7,5,2,9,12,0,0,0,0,29.4,Residential,4183.79
Urban,7,5,2,10,12,1,0,0,3,29.0,Residential,4248.69
Urban,6,6,1,9,15,1,2,1,3,27.4,Residential,3847.78
Urban,2,1,3,3,3,1,0,0,3,29.0,Residential,3190.03
Semi-Urban,2,1,0,3,3,1,0,1,1,26.0,Residential,1021.33
Semi-Urban,9,7,2,10,15,1,2,1,2,27.8,Residential,4758.67
Semi-Urban,3,2,0,4,5,1,2,1,3,25.9,Residential,1907.6
Urban,6,6,2,8,13,0,0,1,2,28.6,Residential,3526.96
Urban,5,4,0,7,8,1,2,0,3,28.8,Residential,2298.49
Urban,3,3,1,6,9,1,3,0,1,30.3,Residential,2127.79
Semi-Urban,5,4,3,7,9,1,1,0,6,25.1,Residential,4378.8
Semi-Urban,2,1,0,5,5,1,2,1,0,28.3,Residential,1097.63
Urban,4,2,0,6,5,1,2,1,2,29.9,Residential,1983.74
Rural,4,3,0,7,9,1,1,1,1,27.3,Residential,1927.48
Urban,5,4,0,7,11,1,2,0,1,27.7,Residential,1881.59
Urban,3,2,1,5,4,1,0,1,4,27.4,Residential,2582.17
Semi-Urban,2,1,1,3,5,1,1,0,2,27.2,Residential-Lifeline,1600.18
Rural,2,2,2,3,6,1,0,0,2,29.5,Residential,2375.75
Semi-Urban,3,2,0,4,4,1,1,1,2,29.2,Residential,1735.99
Semi-Urban,7,7,2,8,15,1,0,0,6,29.2,Residential,4772.95
Urban,4,4,1,5,8,1,4,1,1,25.3,Residential,2586.06
Semi-Urban,5,4,0,6,10,1,0,0,6,29.5,Residential,1994.17
Urban,5,3,2,8,8,1,0,1,3,29.5,Residential,2907.86
Rural,3,3,1,6,9,1,4,0,2,31.0,Residential,2515.48
Urban,4,3,0,5,8,1,1,1,5,29.9,Residential-Lifeline,2121.74
Semi-Urban,4,2,0,7,6,1,0,1,6,28.0,Residential,2030.72
Urban,5,3,0,6,8,0,0,1,1,29.4,Residential,1686.85
Semi-Urban,5,5,1,8,12,1,2,0,2,29.4,Residential,2793.56
Urban,2,1,0,4,3,1,1,1,7,26.7,Residential,1663.39
Semi-Urban,6,6,3,9,13,1,1,0,8,25.5,Residential,4751.28
Urban,4,3,1,7,6,1,2,0,3,29.2,Residential,2655.34
Urban,7,7,2,10,17,1,4,0,4,28.1,Residential-Lifeline,4829.91
Urban,4,4,1,6,9,1,0,1,5,25.5,Residential,2512.38
Urban,9,7,1,10,16,1,0,0,2,30.0,Residential-Lifeline,4012.7
Rural,5,4,1,8,11,1,0,1,0,27.1,Residential,2587.69
Urban,9,7,3,10,15,1,2,1,4,28.0,Residential,7141.22
Rural,5,5,2,7,10,1,0,0,1,28.2,Residential,3999.15
Urban,5,4,1,6,10,1,0,1,4,30.3,Residential,2926.74
Urban,6,6,1,9,15,1,4,0,5,30.1,Residential,3364.85
Semi-Urban,6,5,1,8,11,1,1,1,3,28.5,Residential,3100.02
Semi-Urban,5,5,0,6,13,1,2,0,2,29.0,Residential,2272.97
Urban,3,3,1,4,7,1,2,0,2,28.2,Residential,2368.56
Semi-Urban,4,3,1,7,6,1,0,0,1,31.1,Residential-Lifeline,2698.01
Semi-Urban,6,5,1,9,12,1,2,0,6,28.3,Residential,3957.5
Urban,2,1,1,5,3,1,2,0,4,28.3,Residential,2322.97
Rural,3,3,1,6,8,1,2,0,2,28.1,Residential,2654.45
Rural,5,3,1,7,8,0,2,0,3,29.2,Residential,2288.59
Semi-Urban,5,4,3,7,11,1,1,0,4,30.0,Residential,3902.82
Urban,4,4,2,7,9,1,0,0,5,27.8,Residential,3908.45
Semi-Urban,5,4,0,6,8,1,2,1,1,31.4,Residential,2271.56
Urban,9,7,1,10,14,1,0,1,0,27.4,Residential,3954.87
Urban,2,2,0,3,4,1,0,1,5,29.6,Residential,1655.51
Urban,5,5,0,6,13,1,1,1,1,29.4,Residential,2584.12
Urban,2,1,0,3,5,1,0,1,4,27.5,Residential,1196.32
Rural,6,5,1,8,13,1,1,1,4,27.3,Residential,3350.48
Semi-Urban,5,4,1,6,10,1,2,0,5,30.8,Residential,3284.13
Semi-Urban,5,5,1,6,10,1,2,1,2,29.0,Residential,2820.3
Urban,4,4,0,6,10,1,1,0,3,30.0,Residential,2183.37
Urban,6,5,1,7,10,0,2,1,3,26.9,Residential,2912.89
Urban,5,5,0,6,10,1,0,1,4,29.3,Residential,2246.37
Rural,3,2,2,6,5,1,0,0,4,26.5,Residential,2540.85
Urban,8,7,1,9,14,1,0,1,2,28.6,Residential,3772.63
Rural,6,6,1,7,15,1,1,0,1,27.9,Residential,3165.83
Semi-Urban,3,1,2,4,5,1,1,0,3,26.6,Residential,3071.17
Urban,9,7,3,10,17,1,0,0,6,27.1,Residential,6277.65
Semi-Urban,2,1,0,3,3,1,2,1,4,26.5,Residential-Lifeline,1570.97
Urban,5,5,2,7,11,1,2,1,2,28.4,Residential,3898.11
Rural,5,5,1,6,12,1,0,1,5,29.1,Residential,3202.7
Rural,2,1,1,3,3,1,3,0,0,28.8,Residential,1946.88
Urban,4,4,0,6,8,1,1,0,3,27.4,Residential,2020.36
Urban,4,2,2,6,7,1,2,1,5,29.2,Residential,3934.32
Semi-Urban,7,7,1,8,17,1,3,0,6,28.0,Residential,4429.06
Rural,5,4,0,6,11,1,2,1,2,29.0,Residential,2692.41
Urban,5,4,1,6,11,1,1,0,4,27.0,Residential,2670.86
Semi-Urban,2,1,2,5,5,1,2,0,5,27.8,Residential,2919.83
Semi-Urban,7,7,3,10,17,1,1,0,1,30.5,Residential,5890.29
Semi-Urban,4,3,0,5,6,1,2,1,4,27.6,Residential,2139.72
Urban,4,4,2,6,9,1,0,0,4,29.3,Residential,3370.6
Semi-Urban,4,2,0,5,7,0,0,0,7,26.5,Residential-Lifeline,1701.36
Rural,5,5,0,7,10,1,2,0,3,27.6,Residential,1995.08
Urban,7,5,2,9,13,1,0,0,4,26.9,Residential-Lifeline,4693.74
Urban,8,7,2,10,16,1,0,0,3,28.6,Residential,4555.67
Rural,3,3,0,4,8,1,2,0,3,27.9,Residential,1853.69
Urban,4,3,1,5,6,1,1,1,1,31.4,Residential,2412.79
Rural,4,4,1,6,9,0,4,0,0,28.6,Residential-Lifeline,2277.53
Urban,5,3,1,8,8,1,1,1,9,31.2,Residential,3750.34
Urban,5,4,0,8,10,1,1,1,5,29.3,Residential,2287.48
Rural,4,4,0,7,9,1,0,0,1,26.5,Residential,1919.4
Urban,6,5,1,8,12,1,0,0,3,31.0,Residential,2932.06
Urban,6,6,1,7,15,1,1,1,1,29.6,Residential,2752.08
Urban,5,3,2,7,7,1,3,0,1,28.2,Residential,3845.51
Semi-Urban,9,7,2,10,16,1,1,0,1,29.1,Residential,4675.97
Urban,5,4,1,6,9,1,0,0,2,29.1,Residential,2767.35
Urban,4,3,0,6,9,1,1,1,0,25.9,Residential-Lifeline,1766.65
Rural,6,4,1,8,10,1,0,1,3,28.2,Residential,2827.01
Urban,9,7,2,10,14,1,1,1,2,30.9,Residential,5387.16
Semi-Urban,6,5,1,8,12,1,1,1,9,29.4,Residential-Lifeline,4168.44
Urban,3,2,0,4,6,1,0,0,2,30.0,Residential,1167.73
Semi-Urban,6,5,2,9,13,1,0,0,5,28.2,Residential,4684.74
Urban,3,3,0,6,6,1,0,0,3,30.1,Residential,1688.5
Rural,3,3,0,4,6,0,2,0,2,29.1,Residential,1481.14
Urban,6,6,1,9,12,1,1,0,3,31.1,Residential,3734.63
Urban,3,2,1,5,7,1,1,0,3,26.9,Residential,2121.71
Urban,6,6,1,8,15,1,1,0,3,28.8,Residential,3579.0
Urban,2,1,1,5,5,1,2,0,2,28.6,Residential,2135.43
Urban,4,4,0,5,11,1,2,0,5,29.7,Residential,2051.67
Urban,4,2,1,6,7,1,1,1,3,27.0,Residential,2381.96
Semi-Urban,3,1,0,4,3,1,1,1,2,30.0,Residential,1767.29
Urban,7,6,1,9,13,1,1,1,3,28.8,Residential,3033.96
Urban,3,2,1,5,7,1,1,0,4,29.8,Residential,2134.51
Semi-Urban,2,2,1,5,5,1,3,0,4,28.7,Residential,2546.95
Semi-Urban,6,6,1,9,14,1,1,0,2,29.5,Residential,2883.26
Urban,3,3,0,4,8,1,0,0,4,29.6,Residential,1640.76
Urban,6,5,3,9,13,0,2,0,5,26.7,Residential,6338.98
Urban,2,1,1,4,4,1,2,1,3,27.7,Residential,1857.29
Semi-Urban,6,4,1,8,9,1,0,1,2,26.4,Residential,2835.74
Semi-Urban,6,5,1,7,12,1,0,0,2,28.2,Residential,2631.0
Urban,6,5,1,7,12,1,3,0,2,27.7,Residential,3072.43
Semi-Urban,9,7,2,10,15,1,2,0,2,30.9,Residential,4943.69
Semi-Urban,5,4,0,8,10,1,1,0,4,31.2,Residential,2053.17
Semi-Urban,6,6,1,9,15,1,0,0,2,27.9,Residential,3455.83
Rural,7,6,2,8,13,1,1,0,3,28.8,Residential-Lifeline,4403.28
Urban,6,5,2,7,11,1,2,0,2,28.5,Residential,4064.88
Urban,5,4,1,7,8,1,1,0,4,30.1,Residential,2898.37
Urban,3,1,0,5,3,1,1,0,6,31.1,Residential-Lifeline,1901.13
Urban,8,7,1,9,15,1,1,0,5,26.8,Residential,3706.16
Urban,3,3,0,5,7,1,0,0,4,27.1,Residential,1568.6
Rural,5,4,0,6,8,1,0,1,3,28.2,Residential,2202.92
Urban,4,3,1,5,9,1,0,0,5,26.7,Residential,2577.92
Urban,5,5,0,8,12,1,3,1,0,28.9,Residential,2613.62
Urban,6,5,2,7,12,1,0,1,4,27.6,Residential,4538.16
Rural,3,1,2,5,4,1,1,1,2,28.6,Residential,2512.33
Urban,8,6,3,10,13,1,2,1,3,26.0,Residential,6334.45
Urban,3,3,0,6,9,1,1,1,4,32.2,Residential,1784.51
Urban,6,4,1,8,8,1,1,1,6,28.3,Residential,3794.17
Urban,2,1,0,4,5,1,1,0,4,27.6,Residential,1333.67
Rural,4,3,1,6,9,1,1,0,2,26.6,Residential,2523.84
Rural,2,1,1,3,4,1,0,1,3,29.3,Residential,2150.33
Urban,5,4,2,8,8,1,2,1,1,27.8,Residential,3660.88
Rural,6,5,2,7,13,1,0,1,5,26.0,Residential,3818.05
Semi-Urban,6,5,3,7,10,1,0,1,4,26.1,Residential,4508.43
Rural,4,3,2,5,7,1,2,1,2,30.0,Residential,3006.1
Urban,5,4,0,6,10,0,0,1,4,31.5,Residential,2107.8
Urban,5,5,1,8,10,1,1,1,2,29.0,Residential,3154.64
Urban,9,7,1,10,15,1,2,0,3,30.4,Residential,4369.89
Semi-Urban,6,5,3,7,11,1,1,1,2,28.8,Residential,6241.78
Urban,6,5,1,8,11,1,2,1,0,28.9,Residential,3298.45
Urban,8,7,1,10,17,0,1,1,1,28.9,Residential,3128.93
Urban,4,3,0,5,9,1,2,1,3,31.2,Residential,2337.46
Semi-Urban,3,3,0,5,8,1,0,0,3,31.2,Residential,1489.43
Urban,8,7,2,10,16,1,2,0,7,27.1,Residential-Lifeline,5815.16
Semi-Urban,8,7,1,9,15,1,1,1,3,28.4,Residential,3699.95
Rural,6,5,1,9,12,1,1,1,2,29.9,Residential,3112.8
Urban,7,6,2,9,15,1,0,0,3,27.2,Residential,4410.88
Semi-Urban,6,6,1,9,14,0,2,0,5,29.5,Residential,4075.17
Urban,3,2,0,6,4,1,2,1,4,29.6,Residential,2052.62
Rural,6,6,2,8,15,1,2,1,4,29.3,Residential,4608.62
Urban,8,6,1,9,13,1,2,1,0,30.7,Residential,4385.34
Semi-Urban,7,6,1,9,13,1,3,1,4,27.1,Residential,3558.45
Semi-Urban,3,2,0,5,6,1,0,0,9,25.2,Residential,1827.01
Rural,7,7,2,10,17,1,0,0,1,28.5,Residential-Lifeline,4260.51
Semi-Urban,4,4,0,5,9,1,1,0,2,31.4,Residential,2066.87
Urban,6,4,1,9,9,1,3,1,2,27.9,Residential,2947.93
Semi-Urban,5,5,0,7,13,1,0,0,3,29.9,Residential,1993.44
Rural,3,2,0,4,7,1,2,1,4,29.4,Residential,1813.42
Semi-Urban,6,5,2,7,11,1,3,0,6,29.2,Residential,4587.57
Urban,7,7,1,8,16,1,1,0,8,27.5,Residential,4025.25
Rural,7,6,1,8,14,1,0,1,2,27.8,Residential-Lifeline,2908.47
Semi-Urban,4,3,2,5,8,1,3,0,6,25.5,Residential,4809.77
Semi-Urban,5,5,0,7,10,1,4,1,4,27.6,Residential,2484.89
Urban,5,5,0,7,13,1,2,0,8,28.5,Residential,3033.87
Semi-Urban,6,6,1,8,13,1,1,0,0,29.9,Residential,3335.65
Urban,3,1,0,6,3,1,2,0,1,28.9,Residential,1740.21
Semi-Urban,2,1,1,3,4,1,2,0,6,28.8,Residential,2335.09
Urban,2,2,1,3,4,1,1,1,2,27.8,Residential,1712.34
Semi-Urban,8,7,3,10,15,1,2,0,3,28.4,Residential,5430.68
Rural,8,7,1,9,15,1,2,0,1,28.8,Residential,3743.06
Urban,6,5,1,9,13,1,1,0,3,29.9,Residential,2849.72
Rural,6,5,1,7,12,1,2,1,1,29.8,Residential,2963.02
Urban,3,2,0,4,6,1,0,1,2,25.6,Residential,1693.84
Rural,2,2,1,5,4,1,0,0,4,27.0,Residential-Lifeline,1617.64
Semi-Urban,7,6,2,9,14,1,0,1,6,31.0,Residential,4778.55
Semi-Urban,4,2,1,6,4,1,1,1,2,31.0,Residential,2236.5
Semi-Urban,4,4,1,5,9,1,1,1,2,25.5,Residential,2366.12
Rural,4,3,0,7,7,1,1,0,2,26.9,Residential,1811.61
Urban,3,2,1,5,5,1,0,1,4,28.0,Residential-Lifeline,2268.48
Urban,5,4,1,7,9,1,1,1,3,26.5,Residential,2911.08
Semi-Urban,4,4,0,6,9,1,2,1,6,24.5,Residential,2257.48
Semi-Urban,8,7,1,9,14,1,0,1,3,29.6,Residential,4782.59
Semi-Urban,5,4,1,8,9,1,1,1,2,28.0,Residential,2828.65
Semi-Urban,4,3,2,5,6,0,2,0,2,26.5,Residential,2658.08
Urban,6,6,1,8,13,1,1,1,5,28.5,Residential-Lifeline,3767.2
Semi-Urban,3,3,1,6,6,1,0,0,3,28.8,Residential,2650.23
Urban,5,5,0,6,10,1,1,1,7,29.5,Residential,2563.51
Urban,4,3,0,6,6,1,0,0,2,27.9,Residential,1892.74
Urban,6,6,2,8,14,1,0,0,4,28.7,Residential,3920.59
Urban,3,2,0,4,4,1,2,1,2,26.7,Residential,1544.76
Urban,7,6,2,9,12,1,0,1,2,28.4,Residential,4335.03
Urban,4,3,0,6,7,1,3,0,2,24.8,Residential,1983.02
Semi-Urban,5,4,3,8,8,1,2,0,4,27.6,Residential,5515.56
Urban,6,5,2,8,10,1,0,0,3,28.2,Residential,4378.57
Urban,5,5,0,6,13,1,0,1,6,27.1,Residential,2664.16
Urban,5,5,0,8,12,1,1,1,4,29.4,Residential,2622.91
Urban,3,2,0,4,7,1,1,0,2,30.0,Residential,1738.15
Urban,4,3,1,6,7,1,2,1,2,25.2,Residential,2572.01
Urban,3,3,1,6,8,1,1,1,4,28.3,Residential,2302.83
Semi-Urban,2,1,1,5,4,1,1,0,5,25.3,Residential,1957.12
Semi-Urban,4,4,1,7,11,1,2,1,1,28.3,Residential,2675.34
Semi-Urban,5,5,0,8,12,1,0,0,1,27.5,Residential,2229.67
Urban,5,5,1,6,13,1,2,1,4,25.8,Residential,3046.69
Urban,8,6,1,10,12,1,2,0,3,31.5,Residential,4071.53
Rural,3,3,1,5,9,1,1,0,3,27.4,Residential-Lifeline,2268.11
Urban,6,6,2,9,14,1,2,0,2,26.4,Residential,4558.78
Urban,9,7,1,10,16,1,3,0,4,29.4,Residential-Lifeline,4794.4
Urban,9,7,1,10,15,1,0,1,4,26.2,Residential,4510.9
Urban,3,2,0,5,5,1,2,0,4,27.9,Residential,1605.9
Urban,5,5,0,6,11,1,0,0,2,24.0,Residential,2171.58
Urban,5,5,1,6,11,0,3,1,5,30.8,Residential,2880.59
Semi-Urban,7,6,2,9,14,1,2,0,6,28.9,Residential-Lifeline,4486.18
Urban,6,6,2,7,13,1,4,0,1,29.4,Residential,3919.97
Semi-Urban,2,1,1,3,5,1,0,1,4,28.9,Residential,2015.3
Semi-Urban,3,2,1,4,4,1,0,1,4,29.2,Residential,2156.73
Semi-Urban,7,7,1,8,16,1,0,0,4,28.6,Residential,3421.15
Semi-Urban,6,5,2,9,11,1,0,0,6,29.9,Residential,5085.19
Rural,5,5,2,7,12,1,1,1,3,28.6,Residential,4410.57
Urban,6,5,1,9,11,1,1,0,3,28.2,Residential,3627.88
Urban,5,4,0,6,10,1,0,0,5,28.9,Residential,2379.28
Urban,5,5,1,7,11,1,2,0,2,28.9,Residential,2851.74
Semi-Urban,2,1,0,3,3,0,2,0,1,29.1,Residential,1000.0
Rural,9,7,2,10,15,0,3,1,2,26.1,Residential,4951.83
Urban,3,1,0,6,5,1,1,1,4,25.3,Residential,1989.57
Rural,5,4,0,7,10,1,2,1,3,30.9,Residential,2560.74
Urban,8,7,1,9,16,1,3,1,1,28.6,Residential,4670.45
Rural,7,7,2,9,17,1,0,0,5,28.3,Residential,4963.41
Urban,4,4,1,6,11,1,1,0,1,27.6,Residential,2236.89
Urban,6,5,3,9,10,1,0,1,5,26.1,Residential,4843.99
Urban,6,5,2,7,12,1,1,0,2,27.9,Residential,4117.64
Urban,4,2,1,6,4,1,1,0,1,28.7,Residential,2204.52
Urban,4,3,0,7,8,0,0,1,4,28.1,Residential-Lifeline,1691.3
Urban,6,5,2,8,12,0,2,1,2,29.7,Residential,4292.78
Semi-Urban,2,1,1,3,3,1,3,0,3,27.7,Residential,2223.03
Urban,5,4,1,7,10,1,2,1,2,30.9,Residential,3845.69
Urban,3,2,0,5,6,1,3,1,1,29.0,Residential,1819.55
Semi-Urban,2,1,0,4,3,0,3,0,3,24.4,Residential,1226.35
Semi-Urban,3,3,0,5,7,1,0,1,4,29.9,Residential,1754.83
Urban,5,4,0,6,8,1,2,0,2,27.5,Residential,2185.66
Urban,5,5,1,8,12,1,0,0,3,29.3,Residential,3242.08
Urban,3,1,0,6,5,1,2,1,4,26.0,Residential-Lifeline,1634.09
Urban,9,7,1,10,15,1,1,1,6,29.8,Residential,4999.32
Semi-Urban,5,4,2,6,11,1,1,0,2,30.4,Residential,3625.86
Urban,6,5,2,7,11,1,0,0,5,27.0,Residential-Lifeline,3773.96
Urban,5,4,0,6,11,1,2,0,2,28.8,Residential,2245.28
Semi-Urban,4,4,0,5,9,1,0,1,4,28.3,Residential-Lifeline,1936.67
Urban,7,5,3,8,10,1,1,0,2,30.1,Residential,4949.63
Semi-Urban,6,5,1,7,11,1,0,0,1,28.0,Residential,2733.56
Urban,6,6,1,8,13,1,1,0,7,27.7,Residential,3694.89
Rural,5,5,0,8,11,1,3,0,3,28.6,Residential,2775.75
Urban,5,4,1,8,10,0,2,0,6,29.5,Residential,2753.89
Semi-Urban,4,3,1,6,9,1,0,1,6,30.1,Residential,3423.34
Semi-Urban,2,1,3,5,3,1,1,0,7,30.1,Residential,3697.22
Urban,2,1,1,3,5,1,1,0,3,28.5,Residential,1908.97
Semi-Urban,6,5,2,7,13,1,1,1,4,28.3,Residential,4392.0
Rural,7,5,4,10,10,1,2,1,4,27.0,Residential,6448.66
Semi-Urban,7,6,1,8,14,0,1,0,1,29.7,Residential,2737.24
Semi-Urban,4,3,0,5,7,1,0,0,9,31.8,Residential-Lifeline,2209.16
Rural,7,7,1,10,16,1,1,1,2,27.0,Residential,3876.11
Urban,6,5,2,8,12,1,0,0,1,29.5,Residential-Lifeline,3962.22
Urban,7,7,1,10,15,1,0,1,3,28.0,Residential,3447.26
Semi-Urban,2,1,1,5,5,1,2,0,3,27.4,Residential,1804.61
Urban,4,2,0,7,5,1,1,0,3,29.0,Residential,1798.29
Semi-Urban,4,4,2,7,8,1,1,0,2,28.2,Residential,3377.26
Rural,7,7,2,9,15,1,3,1,3,32.2,Residential,4749.36
Urban,3,1,0,5,5,1,1,1,4,28.6,Residential,1647.89
Urban,9,7,1,10,16,1,1,0,1,29.8,Residential,4228.64
Semi-Urban,5,4,1,6,10,1,1,0,1,26.5,Residential,2554.04
Urban,4,3,0,7,7,1,0,0,3,29.1,Residential,1751.58
Semi-Urban,6,5,1,7,10,1,3,0,4,29.5,Residential,3532.33
Urban,6,6,2,8,15,1,1,1,3,28.3,Residential,4704.27
Semi-Urban,3,3,1,4,8,1,0,0,0,25.7,Residential,1793.51
Urban,4,3,1,5,7,1,0,1,6,28.9,Residential,2859.63
Semi-Urban,6,4,1,7,8,1,1,1,6,28.0,Residential,3560.08
Urban,5,4,0,8,8,1,0,1,1,29.9,Residential,2057.41
Semi-Urban,4,4,0,5,10,1,0,1,3,32.1,Residential,2368.64
Urban,2,1,2,4,4,1,0,0,2,28.5,Residential-Lifeline,2065.86
Semi-Urban,5,3,3,7,9,1,1,0,3,26.9,Residential,4005.48
Rural,3,2,1,5,4,0,2,0,3,27.0,Residential,2097.08
Urban,9,7,2,10,17,1,0,0,4,27.3,Residential,5195.07
Urban,8,7,2,9,14,1,1,0,3,28.6,Residential,5170.42
Urban,6,6,1,9,12,1,1,0,4,27.8,Residential-Lifeline,3508.57
Semi-Urban,3,2,2,5,5,1,2,1,4,29.0,Residential,2630.66
Semi-Urban,5,4,1,7,10,1,1,0,3,30.1,Residential,3141.63
Urban,7,7,2,10,14,1,1,1,2,27.1,Residential,4837.05
Urban,4,4,0,7,11,1,2,1,4,28.3,Residential-Lifeline,2351.11
Urban,3,2,1,5,6,1,0,1,3,26.4,Residential,2085.2
Semi-Urban,6,6,2,8,15,1,1,0,4,25.3,Residential,4754.97
Urban,6,5,2,9,12,1,0,0,2,28.8,Residential,4375.84
Rural,6,5,1,8,12,1,0,0,3,29.5,Residential,2727.63
Urban,6,5,2,8,10,1,0,0,3,29.7,Residential,3472.23
Semi-Urban,7,6,1,8,13,1,2,0,4,29.7,Residential,3098.34
Urban,5,4,0,8,8,1,4,1,2,27.5,Residential,2584.9
Urban,2,1,1,3,4,1,0,0,4,27.4,Residential,1986.68
Semi-Urban,7,6,2,8,12,1,2,0,2,27.1,Residential-Lifeline,3968.54
Semi-Urban,6,5,1,9,10,1,2,1,3,27.2,Residential,3319.9
Rural,7,6,2,8,14,1,0,0,4,28.2,Residential,4171.38
Urban,7,7,2,9,16,1,0,0,4,27.1,Residential,3854.05
Urban,3,3,0,4,6,1,1,1,4,27.5,Residential,2015.45
Semi-Urban,3,3,1,6,6,1,3,0,2,30.1,Residential,2505.95
Semi-Urban,4,4,2,6,8,1,1,1,0,28.1,Residential,2779.7
Urban,7,6,1,9,15,1,2,0,3,29.3,Residential,3231.98
Urban,5,4,0,7,8,1,0,1,2,29.2,Residential,1945.34
Urban,4,3,0,6,9,1,1,0,3,30.0,Residential,1961.29
Rural,4,3,0,5,7,1,1,0,1,30.7,Residential,1909.32
Urban,4,3,0,5,9,1,2,1,3,29.9,Residential,2031.62
Urban,5,4,1,7,8,1,3,0,3,25.8,Residential,2869.56
Urban,3,2,1,6,5,1,1,0,2,30.6,Residential,2195.63
Urban,5,5,2,7,13,1,1,0,0,30.5,Residential-Lifeline,3659.29
Urban,5,5,1,6,13,1,0,0,5,27.9,Residential-Lifeline,3296.97
Urban,7,6,2,9,14,1,0,0,4,28.3,Residential,3584.99
Urban,3,1,0,4,3,1,0,1,2,26.8,Residential,1377.58
Semi-Urban,2,2,1,4,6,1,2,1,2,26.5,Residential,2234.21
Urban,6,6,2,9,13,0,2,1,2,28.5,Residential,4379.77
Urban,6,5,1,8,13,1,3,0,2,28.3,Residential,4022.61
Rural,7,7,1,10,16,1,0,0,5,27.0,Residential-Lifeline,3934.94
Semi-Urban,7,6,1,10,12,1,0,1,6,27.3,Residential,4031.88
Urban,2,1,0,4,5,0,3,1,3,28.0,Residential,1600.93
Urban,4,2,0,7,5,1,0,0,3,28.5,Residential,1846.9
Urban,4,3,0,7,7,1,1,0,1,27.0,Residential,1775.32
Semi-Urban,8,7,2,9,16,1,2,0,2,29.2,Residential,5361.4
Rural,7,6,2,8,14,1,0,0,4,28.4,Residential,4491.77
Semi-Urban,4,3,1,7,7,1,0,1,3,32.1,Residential,2426.47
Semi-Urban,5,4,0,7,11,1,0,0,2,30.5,Residential,2059.45
Semi-Urban,2,2,1,5,6,1,0,1,3,27.8,Residential,2029.24
Urban,5,4,1,7,8,1,1,0,0,27.7,Residential,2440.69
Urban,5,4,1,6,9,1,0,0,2,27.9,Residential,2638.58
Semi-Urban,2,1,0,4,3,1,1,1,1,28.9,Residential,1383.61
Rural,3,2,1,6,5,1,2,0,3,27.8,Residential,2248.43
Urban,7,6,2,10,12,1,1,0,4,28.0,Residential,5013.03
Semi-Urban,5,5,1,8,13,1,3,1,5,27.2,Residential,3533.62
Urban,3,2,2,6,5,1,1,1,1,27.7,Residential,2768.6
Urban,8,7,1,10,17,1,2,1,6,27.7,Residential,4319.72
Urban,6,4,1,8,10,1,2,0,1,28.6,Residential,3225.23
Urban,5,3,1,8,7,1,2,0,1,26.7,Residential,2794.73
Semi-Urban,7,7,1,8,17,1,1,1,1,29.3,Residential,3405.91
Urban,8,7,1,10,14,1,3,0,2,28.4,Residential,4492.8
Semi-Urban,4,4,0,6,11,1,0,1,5,29.5,Residential,2531.63
Semi-Urban,6,5,3,9,11,1,0,0,3,26.2,Residential,4641.67
Rural,7,6,2,10,15,0,1,0,3,29.4,Residential,4016.59
Urban,3,3,0,5,6,1,1,1,5,28.5,Residential,2272.07
Urban,6,5,1,9,10,1,1,0,4,27.3,Residential,3071.18
Urban,3,3,2,5,6,1,2,0,2,28.6,Residential,3137.47
Rural,4,4,0,7,10,1,0,0,1,27.8,Residential,2084.94
Rural,2,1,0,3,3,1,1,0,2,30.8,Residential,1311.53
Urban,3,2,0,6,4,1,2,0,4,27.0,Residential,1725.42
Semi-Urban,4,2,3,6,6,1,3,0,2,27.6,Residential,4726.36
Urban,4,3,1,5,6,1,1,0,3,27.4,Residential,2459.4
Semi-Urban,7,6,1,9,15,1,1,1,4,26.2,Residential,3211.54
Urban,2,1,1,5,3,1,2,0,5,30.6,Residential,2504.81
Semi-Urban,6,6,1,7,15,1,0,1,0,30.2,Residential,3016.26
Urban,7,7,3,9,16,1,2,0,5,29.2,Residential,6471.37
Semi-Urban,7,6,2,8,15,1,1,1,7,27.6,Residential-Lifeline,5199.18
Semi-Urban,4,3,2,5,9,1,1,0,3,29.2,Residential,3170.2
Semi-Urban,5,4,1,7,8,1,1,1,3,28.4,Residential-Lifeline,2385.79
Urban,6,5,1,7,13,0,1,1,2,28.5,Residential,2911.8
Urban,5,4,0,7,8,1,2,1,5,27.4,Residential,2728.06
Urban,5,5,0,6,10,1,1,1,2,27.7,Residential,1937.59
Urban,5,5,1,6,11,1,2,0,5,30.0,Residential,2690.01
Urban,5,4,0,6,10,1,1,1,2,30.6,Residential,2407.74
Rural,6,5,1,9,12,1,1,1,1,29.8,Residential,3226.84
Semi-Urban,3,1,1,6,4,1,1,1,3,27.6,Residential,2353.48
Urban,4,4,1,6,8,1,1,0,3,28.4,Residential-Lifeline,2314.72
Urban,3,1,0,4,4,1,1,1,2,29.2,Residential,1539.78
Urban,2,2,0,4,4,1,1,0,5,27.9,Residential,1011.92
Semi-Urban,9,7,2,10,15,1,1,0,2,30.3,Residential,5541.79
Urban,2,1,1,5,4,1,1,0,8,24.4,Residential,2213.62
Rural,9,7,1,10,14,1,2,0,4,28.0,Residential,4239.32
Urban,6,5,2,9,12,1,1,1,6,28.8,Residential,3985.92
Rural,7,7,2,9,16,1,2,1,4,25.3,Residential,5060.16
Rural,4,3,0,5,7,1,0,1,1,26.7,Residential,1775.08
Urban,7,5,2,9,13,1,1,1,6,29.3,Residential,4341.67
Rural,5,5,0,6,12,1,1,0,5,28.0,Residential,2482.39
Urban,4,3,0,7,7,1,1,1,8,29.5,Residential,2755.58
Semi-Urban,2,2,1,3,6,1,3,0,2,29.0,Residential,2109.25
Urban,6,5,3,9,12,0,0,1,2,29.1,Residential,4934.41
Rural,9,7,2,10,16,1,0,1,5,28.4,Residential,5028.31
Rural,3,3,0,4,8,1,1,1,4,28.6,Residential,1789.99
Semi-Urban,4,4,0,6,11,1,4,0,4,25.5,Residential,2453.28
Semi-Urban,7,7,4,10,17,0,0,1,5,27.2,Residential,7683.43
Urban,2,1,1,4,4,1,0,0,3,27.6,Residential,2021.03
Urban,6,5,3,9,12,1,2,0,3,29.8,Residential,4614.3
Urban,6,6,2,9,13,1,1,1,6,29.4,Residential,5157.6
Urban,8,7,2,10,15,1,0,0,2,27.8,Residential,4498.06
Semi-Urban,6,6,2,8,12,1,1,1,3,29.2,Residential,4650.7
Urban,2,1,1,4,5,1,0,0,3,30.4,Residential,2149.63
Rural,5,3,0,6,8,1,1,0,2,28.2,Residential,1726.55
Semi-Urban,7,6,2,8,15,1,1,1,1,30.8,Residential,4986.97
Semi-Urban,2,1,1,4,3,1,0,0,1,28.3,Residential,1938.64
Urban,2,1,0,4,5,1,1,0,2,28.9,Residential,1344.97
Rural,3,3,1,5,9,1,0,0,2,28.7,Residential,2121.36
Rural,7,6,1,9,14,1,0,0,1,28.2,Residential,3052.08
Urban,5,4,1,8,10,0,2,1,0,28.5,Residential,2566.57
Semi-Urban,6,5,2,9,11,1,1,0,2,28.8,Residential,4058.71
Semi-Urban,9,7,1,10,16,1,1,1,8,27.4,Residential,4281.37
Urban,6,5,1,8,11,1,1,1,4,29.4,Residential,3245.23
Urban,7,5,1,10,11,1,1,0,3,30.8,Residential,3411.9
Urban,4,3,1,7,6,0,0,1,4,28.4,Residential,2202.13
Urban,4,3,1,5,6,1,0,1,4,29.2,Residential,2595.47
Urban,5,4,0,6,8,1,0,0,1,29.5,Residential,2067.19
Urban,5,5,0,8,13,1,2,0,6,27.6,Residential,2228.96
Urban,6,4,1,9,8,1,4,0,2,30.8,Residential,3260.95
Urban,5,4,2,8,10,1,4,1,1,27.0,Residential,3917.98
Rural,6,6,1,8,14,1,1,1,7,31.5,Residential,4085.79
Urban,4,4,2,5,8,1,1,0,3,28.1,Residential-Lifeline,3100.18
Rural,2,1,0,3,5,1,1,1,3,27.5,Residential,1291.2
Urban,4,4,3,5,9,1,1,1,5,26.3,Residential,5102.87
Urban,4,4,0,7,11,1,2,1,2,29.4,Residential,2503.2
Urban,4,3,0,6,9,1,2,1,2,28.7,Residential,1900.77
Urban,7,7,1,8,15,1,3,0,1,27.4,Residential-Lifeline,3172.77
Urban,8,7,2,9,15,1,2,1,3,28.7,Residential-Lifeline,5141.09
Semi-Urban,6,6,1,8,13,1,1,1,2,27.5,Residential,3380.2
Urban,5,5,0,8,12,1,3,1,8,28.8,Residential,3067.46
Semi-Urban,3,2,0,6,5,1,2,0,0,29.7,Residential,1667.74
Semi-Urban,2,1,0,3,3,1,0,0,5,25.4,Residential,1187.0
Urban,5,5,1,6,13,1,1,0,1,30.2,Residential,2667.54
Urban,4,4,0,6,11,1,1,0,4,29.3,Residential,2142.65
Semi-Urban,6,5,1,7,10,1,1,1,2,27.2,Residential,2644.23
Urban,4,4,0,6,11,1,2,0,4,30.0,Residential,2165.76
Urban,5,5,0,6,11,1,1,1,4,26.4,Residential,2049.24
Rural,7,7,2,8,16,1,1,1,3,28.9,Residential,4876.29
Urban,4,3,2,5,9,1,1,1,2,28.5,Residential,3199.71
Semi-Urban,4,3,3,7,9,1,1,0,1,27.9,Residential,3519.47
Rural,5,4,3,7,9,0,0,1,2,29.9,Residential,4246.03
Urban,6,5,3,8,13,1,0,1,1,26.6,Residential,5017.04
Urban,6,5,3,9,13,1,1,1,2,26.6,Residential,4240.91
Urban,5,4,1,8,9,1,2,0,1,28.2,Residential-Lifeline,2879.89
Urban,9,7,2,10,17,1,1,0,1,26.4,Residential,4703.04
Urban,7,7,2,9,16,1,3,0,3,26.5,Residential,4415.35
Semi-Urban,5,4,1,6,8,1,0,0,1,31.1,Residential,2761.87
Urban,4,3,2,7,9,1,2,0,3,25.4,Residential,3065.44
Urban,4,3,0,7,8,1,0,1,2,26.5,Residential,2088.6
Rural,5,4,0,8,11,1,2,1,3,29.3,Residential-Lifeline,2251.8
Semi-Urban,5,5,0,6,10,1,1,0,2,28.1,Residential-Lifeline,2109.16
Semi-Urban,4,3,1,5,7,1,1,0,4,29.2,Residential,2602.06
Urban,5,4,1,8,8,1,0,1,1,26.6,Residential-Lifeline,2629.47
Semi-Urban,4,2,0,5,7,1,1,0,3,29.8,Residential,1743.09
Urban,6,6,2,9,12,0,0,1,3,27.0,Residential,3087.56
Urban,3,2,0,4,4,1,0,0,4,30.9,Residential,1536.55
Urban,7,6,3,9,13,1,3,0,4,27.1,Residential,5564.38
Rural,6,4,2,8,11,1,1,0,4,29.6,Residential-Lifeline,3965.1
Urban,2,1,1,3,3,1,3,1,3,27.8,Residential,2144.76
Urban,6,5,1,8,10,1,1,0,4,28.0,Residential,2928.53
Urban,5,4,1,7,9,1,1,1,5,27.2,Residential,3903.41
Urban,2,1,1,4,4,1,0,0,3,30.3,Residential,1890.9
Semi-Urban,6,4,1,9,11,1,1,0,3,27.7,Residential,3130.0
Semi-Urban,5,5,0,6,12,1,0,1,2,26.7,Residential,2308.44
Semi-Urban,7,7,1,8,16,1,4,0,3,28.2,Residential,3576.45
Urban,2,1,1,3,3,0,1,1,4,29.0,Residential,1549.06
Urban,3,2,1,5,5,1,2,0,2,26.7,Residential,2373.61
Urban,3,2,1,6,7,0,1,0,7,30.8,Residential,2345.2
Urban,4,3,1,5,8,1,0,1,4,27.8,Residential,2494.99
Urban,4,4,0,6,8,1,1,1,2,27.0,Residential,2144.6
Semi-Urban,2,1,0,5,4,1,1,0,2,29.3,Residential,1493.95
Urban,4,3,0,7,7,1,2,1,1,29.3,Residential,2274.69
Urban,4,4,0,5,8,1,1,0,2,31.0,Residential,1983.94
Urban,4,4,1,5,8,1,2,1,3,26.8,Residential,2583.88
Urban,3,2,0,5,5,1,1,1,6,29.1,Residential,1856.5
Urban,4,4,1,5,8,1,1,0,5,30.0,Residential-Lifeline,2679.4
Rural,7,5,1,9,12,1,1,0,3,27.8,Residential-Lifeline,3350.17
Semi-Urban,3,3,0,6,7,1,2,0,2,29.0,Residential,1937.58
Rural,5,4,1,8,11,1,1,0,4,28.7,Residential,2853.59
Urban,5,3,0,8,7,1,1,0,2,27.2,Residential,1999.8
Urban,4,3,1,7,9,1,1,1,3,30.8,Residential-Lifeline,2398.42
Urban,5,4,2,6,11,1,1,1,4,27.5,Residential,3167.09
Urban,4,3,0,5,7,1,1,0,1,28.0,Residential,1505.11
Semi-Urban,4,4,0,6,9,1,3,0,9,28.7,Residential-Lifeline,2454.3
Urban,7,7,1,9,17,1,0,1,4,31.5,Residential-Lifeline,3754.01
Urban,8,6,1,10,15,1,2,1,3,27.1,Residential,3373.6
Urban,7,6,1,9,12,1,1,0,3,29.0,Residential,3657.65
Urban,3,2,1,5,5,1,3,0,2,29.9,Residential,2365.6
Semi-Urban,2,1,0,5,3,1,0,0,2,28.1,Residential,1223.08
Urban,6,6,2,9,12,1,0,0,4,27.0,Residential,4204.19
Urban,3,3,0,6,7,1,1,0,2,27.5,Residential,2063.84
Urban,6,5,2,8,10,1,0,0,2,28.8,Residential,3341.4
Urban,4,3,0,7,6,1,1,0,2,28.1,Residential,1650.65
Semi-Urban,6,5,1,9,11,1,0,1,3,31.0,Residential,3821.11
Rural,6,5,3,9,12,1,0,0,2,30.0,Residential,4538.46
Rural,6,6,3,9,15,1,0,0,3,28.2,Residential,4660.03
Semi-Urban,7,6,2,8,13,1,3,0,3,28.1,Residential,4596.09
Urban,7,7,1,9,16,1,1,1,3,27.9,Residential-Lifeline,3535.43
Semi-Urban,6,5,2,8,10,1,0,1,3,28.1,Residential,4154.78
Urban,6,6,2,7,14,1,0,0,4,33.3,Residential,4778.25
Urban,3,1,4,6,3,1,1,0,6,29.3,Residential,5113.45
Semi-Urban,5,5,0,8,11,1,0,1,2,28.6,Residential,2214.5
Urban,5,3,0,8,8,1,1,0,3,27.2,Residential,1975.79
Rural,3,2,1,5,5,1,0,0,5,31.0,Residential,2757.92
Urban,4,2,1,6,7,1,0,0,1,30.4,Residential,2452.25
Semi-Urban,4,3,0,6,8,1,1,1,4,30.9,Residential,1819.87
Semi-Urban,5,3,1,7,6,1,0,1,3,31.9,Residential,2601.55
Rural,5,5,0,7,12,1,1,1,6,26.1,Residential-Lifeline,2574.7
Semi-Urban,3,2,0,4,6,1,1,0,3,27.6,Residential,1518.0
Semi-Urban,7,5,1,9,12,1,0,1,1,27.2,Residential,3597.53
Urban,5,5,1,8,12,0,2,1,4,25.8,Residential,2900.26
Urban,5,5,1,7,10,1,1,1,3,29.4,Residential-Lifeline,2694.36
Urban,5,4,1,6,8,1,0,0,2,26.8,Residential-Lifeline,2273.95
Semi-Urban,7,5,2,10,10,1,1,0,4,30.2,Residential,5108.17
Urban,6,5,1,7,12,1,2,1,6,31.5,Residential,3439.83
Semi-Urban,4,3,2,7,9,1,1,0,3,28.5,Residential,2861.55
Urban,6,6,1,8,15,1,0,0,6,29.5,Residential,3804.63
Urban,6,6,3,7,12,1,2,0,5,30.9,Residential,5880.69
Semi-Urban,6,5,1,9,13,1,0,1,2,28.4,Residential,3032.44
Urban,5,5,2,7,13,1,0,1,4,25.9,Residential,3378.79
Urban,7,6,1,10,15,1,3,0,1,26.7,Residential,3539.26
Urban,3,1,1,4,5,1,1,1,4,28.7,Residential,2012.95
Rural,9,7,1,10,17,1,2,1,1,28.3,Residential,4309.1
Semi-Urban,3,2,2,4,5,1,2,1,2,27.6,Residential,3214.5
Urban,3,3,0,4,6,1,2,0,5,29.1,Residential,2077.38
Urban,3,2,1,5,6,1,2,0,1,28.2,Residential,2291.53
Urban,4,4,2,7,11,1,0,0,4,27.4,Residential,3450.48
Semi-Urban,7,6,4,9,13,1,0,0,1,29.5,Residential-Lifeline,6412.69
Semi-Urban,3,3,1,4,8,1,3,1,3,28.4,Residential,2762.3
Urban,5,4,0,8,9,1,1,0,2,27.8,Residential,2052.24
Urban,4,3,1,5,9,1,0,1,4,30.2,Residential,2997.99
Urban,9,7,1,10,17,0,1,0,3,27.9,Residential,4108.02
Semi-Urban,5,4,2,7,11,1,2,0,5,28.6,Residential,4298.67
Semi-Urban,2,2,2,4,7,1,2,0,6,28.8,Residential,2973.37
Urban,5,4,1,8,10,1,2,0,4,27.8,Residential,3034.92
Urban,5,5,0,8,12,1,0,0,5,29.7,Residential,2455.21
Urban,4,3,0,5,7,1,0,1,7,26.1,Residential,2192.82
Rural,4,4,1,7,8,1,0,0,2,27.8,Residential,2448.62
Urban,2,1,2,5,5,1,2,1,4,27.6,Residential,3495.49
Semi-Urban,7,7,2,9,15,1,2,1,6,30.4,Residential,4689.12
Semi-Urban,9,7,1,10,15,1,4,0,3,28.9,Residential,4307.68
Urban,4,4,1,6,9,1,0,1,7,29.1,Residential,2976.62
Urban,3,1,0,4,5,1,2,1,6,30.6,Residential,1673.64
Urban,7,5,2,8,13,1,2,0,3,28.9,Residential-Lifeline,3667.39
Semi-Urban,3,3,1,6,7,1,1,0,1,28.4,Residential,2367.28
Semi-Urban,7,6,1,9,15,1,1,1,2,31.2,Residential,3622.9
Semi-Urban,4,4,0,7,9,1,1,0,4,29.8,Residential,2472.21
Urban,4,3,1,7,8,1,0,0,4,27.5,Residential,2717.96
Urban,2,1,1,5,5,1,0,1,5,28.8,Residential,2272.47
Rural,4,3,1,5,8,1,3,0,4,27.3,Residential,3119.55
Semi-Urban,5,4,0,7,8,1,1,0,4,28.0,Residential,2326.0
Urban,5,5,3,7,13,1,1,1,2,27.7,Residential,4577.66
Rural,4,3,1,7,6,0,3,1,6,31.4,Residential,2761.93
Semi-Urban,3,3,0,4,7,1,1,0,1,26.4,Residential,1552.34
Semi-Urban,9,7,1,10,17,1,0,0,1,27.9,Residential,4046.3
Semi-Urban,4,3,0,6,9,1,0,1,7,25.6,Residential,2164.89
Semi-Urban,5,4,0,8,11,1,2,1,3,29.7,Residential,2818.03
Semi-Urban,5,5,0,6,10,1,0,0,3,29.2,Residential,2017.14
Urban,8,7,2,10,14,0,2,0,1,30.4,Residential,4403.33
Urban,5,5,1,7,11,1,0,0,2,29.9,Residential,2555.7
Rural,3,3,0,4,8,1,4,1,1,27.2,Residential,1952.49
Urban,3,3,0,6,8,0,0,1,1,27.5,Residential,1412.55
Urban,4,3,0,6,6,1,1,1,2,30.3,Residential,2055.39
Urban,5,3,1,8,9,1,3,1,3,27.7,Residential,2473.24
Urban,6,5,2,9,12,1,2,1,2,30.5,Residential,4152.66
Semi-Urban,7,6,3,10,14,1,1,0,7,26.8,Residential,5324.25
Rural,7,7,1,8,14,0,0,1,4,27.7,Residential-Lifeline,3560.95
Urban,7,5,1,9,11,0,2,1,4,26.6,Residential,3652.16
Urban,3,3,1,5,6,1,2,0,3,28.2,Residential,2318.58
Urban,3,1,1,5,3,0,1,0,4,27.3,Residential,1831.36
Rural,6,5,3,8,13,1,0,1,4,29.8,Residential,4889.49
Semi-Urban,5,5,0,6,10,1,0,0,7,29.7,Residential,2354.48
Urban,4,2,2,7,7,1,0,0,4,25.9,Residential,3469.55
Semi-Urban,4,4,1,6,9,1,0,1,4,29.5,Residential,2847.22
Rural,6,5,3,7,13,1,0,1,1,27.7,Residential,5275.6
Semi-Urban,2,1,1,5,3,1,1,0,1,28.2,Residential,1644.78
Rural,4,4,0,5,9,1,1,1,1,29.7,Residential,2019.66
Urban,8,7,1,9,15,1,1,0,5,27.8,Residential,4089.81
Semi-Urban,6,5,2,8,10,1,1,0,6,30.3,Residential,4756.74
Urban,7,6,1,9,15,1,3,0,3,30.0,Residential-Lifeline,3402.6
Semi-Urban,6,6,2,9,14,1,2,1,6,30.5,Residential-Lifeline,4728.54
Semi-Urban,5,3,0,8,6,1,3,1,7,27.9,Residential,2397.34
Semi-Urban,5,5,0,7,11,1,3,1,2,27.2,Residential,2482.67
Semi-Urban,5,5,0,6,12,1,3,1,3,29.6,Residential,2550.66
Urban,6,6,1,8,12,1,1,0,3,28.8,Residential,2857.59
Urban,4,4,0,7,10,1,0,0,2,28.2,Residential,1982.07
Rural,6,6,3,7,13,1,0,1,2,26.5,Residential,4599.39
Rural,6,4,1,7,10,1,1,0,1,26.9,Residential,2752.91
Urban,2,2,0,3,6,1,2,1,2,26.5,Residential,1331.37
Urban,6,6,2,8,13,1,0,1,4,30.4,Residential,3766.91
Urban,3,3,0,5,8,1,4,1,1,30.4,Residential,2221.62
Semi-Urban,7,6,2,10,12,1,3,0,5,29.9,Residential,4480.07
Semi-Urban,5,3,0,6,8,0,3,0,3,27.4,Residential,1760.75
Urban,4,4,2,5,11,1,1,0,3,27.5,Residential,3831.45
Urban,6,6,2,8,12,1,0,0,3,26.1,Residential-Lifeline,4423.62
Semi-Urban,8,7,2,10,16,1,0,1,4,26.9,Residential,4577.27
Semi-Urban,5,5,4,8,13,0,1,0,0,26.4,Residential,5029.6
Urban,3,3,0,4,9,1,1,0,4,29.4,Residential,1666.71
Semi-Urban,6,5,1,8,13,1,1,0,6,28.5,Residential-Lifeline,3871.66
Urban,4,4,2,5,10,1,0,0,4,31.0,Residential,4546.79
Urban,2,1,4,4,3,1,2,0,1,27.7,Residential,3468.4
Semi-Urban,4,4,0,7,11,1,0,0,3,29.0,Residential,2216.02
